{
    "sequences": [
        {
            "name": "Sequence 2",
            "steps": [
                {
                    "stepName": "Move",
                    "waypoints": [
                        {
                            "x": -8.411856651306153,
                            "y": -1.399999976158142,
                            "z": 11.001246452331543
                        },
                        {
                            "x": -14.695263862609864,
                            "y": -1.399999976158142,
                            "z": 10.172674179077149
                        },
                        {
                            "x": -10.552375793457032,
                            "y": -1.399999976158142,
                            "z": 17.97515869140625
                        }
                    ]
                },
                {
                    "stepName": "Raise Hand"
                }
            ]
        }
    ]
}